DELETE FROM Types WHERE Type = 'ABILITY_NAVAL_BOMBARD' OR Type = 'ABILITY_ATTACK_SUB_RAIDER' OR Type = 'ABILITY_ATTACK_SUB_SURFACE_WARSHIP' ;
DELETE FROM TypeTags WHERE Type = 'ABILITY_NAVAL_BOMBARD' OR Type = 'ABILITY_ATTACK_SUB_RAIDER' OR Type = 'ABILITY_ATTACK_SUB_SURFACE_WARSHIP' ;
DELETE FROM UnitAbilities WHERE UnitAbilityType = 'ABILITY_NAVAL_BOMBARD' OR Type = 'ABILITY_ATTACK_SUB_RAIDER' OR Type = 'ABILITY_ATTACK_SUB_SURFACE_WARSHIP' ;
DELETE FROM UnitAbilityModifiers WHERE UnitAbilityType = 'ABILITY_NAVAL_BOMBARD' OR Type = 'ABILITY_ATTACK_SUB_RAIDER' OR Type = 'ABILITY_ATTACK_SUB_SURFACE_WARSHIP' ;


INSERT INTO Types 
(Type,												Kind) 
VALUES
('DB_ABILITY_NAVAL_MELEE_NO_GALLEY_ATTACKING_SEA',	'KIND_ABILITY'),
('DB_ABILITY_ATTACK_SUB_ATTACKING_SEA',				'KIND_ABILITY'),
('DB_ABILITY_NAVAL_RANGED_ATTACKING_LAND',			'KIND_ABILITY'),
('DB_ABILITY_NAVAL_RANGED_ATTACKING_SEA',			'KIND_ABILITY'),
('DB_ABILITY_NAVAL_BOMBARD_ATTACKING_SEA',			'KIND_ABILITY'),
('DB_ABILITY_NAVAL_RAIDER_MOVE_AFTER_ATTACK',		'KIND_ABILITY'),
('DB_ABILITY_NAVAL_RAIDER_ATTACKING_SEA',			'KIND_ABILITY'),
('DB_ABILITY_NAVAL_RAIDER_ATTACKING_NAVAL_MELEE',	'KIND_ABILITY') ;

INSERT INTO Tags	
(Tag,								Vocabulary)
VALUES
('DB_CLASS_JUST_NAVAL_RANGED',		'ABILITY_CLASS'),
('DB_CLASS_NAVAL_MELEE_NO_GALLEY',	'ABILITY_CLASS') ;

INSERT INTO TypeTags
(Type,						Tag)
VALUES
('UNIT_COG',				'DB_CLASS_NAVAL_MELEE_NO_GALLEY'),
('UNIT_CARAVEL',			'DB_CLASS_NAVAL_MELEE_NO_GALLEY'),
('UNIT_CORVETTE',			'DB_CLASS_NAVAL_MELEE_NO_GALLEY'),
('UNIT_IRONCLAD',			'DB_CLASS_NAVAL_MELEE_NO_GALLEY'),
('UNIT_TORPEDO_GUNBOAT',	'DB_CLASS_NAVAL_MELEE_NO_GALLEY'),
('UNIT_DESTROYER',			'DB_CLASS_NAVAL_MELEE_NO_GALLEY'),
('UNIT_ATTACK_SUBMARINE',	'DB_CLASS_NAVAL_MELEE_NO_GALLEY'),
('UNIT_MISSILE_DESTROYER',	'DB_CLASS_NAVAL_MELEE_NO_GALLEY'),

('UNIT_QUADRIREME',			'DB_CLASS_JUST_NAVAL_RANGED'),
('UNIT_GALLEASS',			'DB_CLASS_JUST_NAVAL_RANGED'),
('UNIT_FRIGATE',			'DB_CLASS_JUST_NAVAL_RANGED'),
('UNIT_ARMORED_CRUISER',	'DB_CLASS_JUST_NAVAL_RANGED'),
('UNIT_LIGHT_CRUISER',		'DB_CLASS_JUST_NAVAL_RANGED'),
('UNIT_BATTLECRUISER',		'DB_CLASS_JUST_NAVAL_RANGED'),
('UNIT_MISSILE_CRUISER',	'DB_CLASS_JUST_NAVAL_RANGED'),

('DB_ABILITY_NAVAL_MELEE_NO_GALLEY_ATTACKING_SEA',	'DB_CLASS_NAVAL_MELEE_NO_GALLEY'),
('DB_ABILITY_ATTACK_SUB_ATTACKING_SEA',				'CLASS_ATTACK_SUBMARINE'),
('DB_ABILITY_NAVAL_RANGED_ATTACKING_LAND',			'DB_CLASS_JUST_NAVAL_RANGED'),
('DB_ABILITY_NAVAL_RANGED_ATTACKING_SEA',			'DB_CLASS_JUST_NAVAL_RANGED'),
('DB_ABILITY_NAVAL_BOMBARD_ATTACKING_SEA',			'CLASS_NAVAL_BOMBARD'),
('DB_ABILITY_NAVAL_RAIDER_MOVE_AFTER_ATTACK',		'CLASS_NAVAL_RAIDER'),
('DB_ABILITY_NAVAL_RAIDER_ATTACKING_SEA',			'CLASS_NAVAL_RAIDER'),
('DB_ABILITY_NAVAL_RAIDER_ATTACKING_NAVAL_MELEE',	'CLASS_NAVAL_RAIDER') ;


INSERT INTO RequirementSets
(RequirementSetId,			RequirementSetType)
VALUES
('DB_REQSET_ATTACKING_SEA',			'REQUIREMENTSET_TEST_ALL'),
('DB_REQSET_ATTACKING_LAND',		'REQUIREMENTSET_TEST_ALL'),
('DB_REQSET_ATTACKING_NAVAL_MELEE',	'REQUIREMENTSET_TEST_ALL') ;

INSERT INTO RequirementSetRequirements
(RequirementSetId,			RequirementId)
VALUES
('DB_REQSET_ATTACKING_SEA',			'OPPONENT_IS_SEA_UNIT'),
('DB_REQSET_ATTACKING_SEA',			'PLAYER_IS_ATTACKER_REQUIREMENTS'),
('DB_REQSET_ATTACKING_LAND',		'OPPONENT_IS_LAND_UNIT'),
('DB_REQSET_ATTACKING_LAND',		'PLAYER_IS_ATTACKER_REQUIREMENTS'),
('DB_REQSET_ATTACKING_NAVAL_MELEE',	'OPPONENT_NAVAL_MELEE_REQUIREMENT'),
('DB_REQSET_ATTACKING_NAVAL_MELEE',	'PLAYER_IS_ATTACKER_REQUIREMENTS') ;


INSERT INTO UnitAbilities
(UnitAbilityType,					Name,								Description)
VALUES	
('DB_ABILITY_NAVAL_MELEE_NO_GALLEY_ATTACKING_SEA',	'LOC_DB_ABILITY_NAVAL_MELEE_NO_GALLEY_ATTACKING_SEA_NAME',	'LOC_DB_ABILITY_NAVAL_MELEE_NO_GALLEY_ATTACKING_SEA_DESCRIPTION'),
('DB_ABILITY_ATTACK_SUB_ATTACKING_SEA',				'LOC_DB_ABILITY_ATTACK_SUB_ATTACKING_SEA_NAME',				'LOC_DB_ABILITY_ATTACK_SUB_ATTACKING_SEA_DESCRIPTION'),
('DB_ABILITY_NAVAL_RANGED_ATTACKING_LAND',			'LOC_DB_ABILITY_NAVAL_RANGED_ATTACKING_LAND_NAME',			'LOC_DB_ABILITY_NAVAL_RANGED_ATTACKING_LAND_DESCRIPTION'),
('DB_ABILITY_NAVAL_RANGED_ATTACKING_SEA',			'LOC_DB_ABILITY_NAVAL_RANGED_ATTACKING_SEA_NAME',			'LOC_DB_ABILITY_NAVAL_RANGED_ATTACKING_SEA_DESCRIPTION'),
('DB_ABILITY_NAVAL_BOMBARD_ATTACKING_SEA',			'LOC_DB_ABILITY_NAVAL_BOMBARD_ATTACKING_SEA_NAME',			'LOC_DB_ABILITY_NAVAL_BOMBARD_ATTACKING_SEA_DESCRIPTION'),
('DB_ABILITY_NAVAL_RAIDER_ATTACKING_SEA',			'LOC_DB_ABILITY_NAVAL_RAIDER_ATTACKING_SEA_NAME',			'LOC_DB_ABILITY_NAVAL_RAIDER_ATTACKING_SEA_DESCRIPTION'),
('DB_ABILITY_NAVAL_RAIDER_ATTACKING_NAVAL_MELEE',	'LOC_DB_ABILITY_NAVAL_RAIDER_ATTACKING_NAVAL_MELEE_NAME',	'LOC_DB_ABILITY_NAVAL_RAIDER_ATTACKING_NAVAL_MELEE_DESCRIPTION'),
('DB_ABILITY_NAVAL_RAIDER_MOVE_AFTER_ATTACK',		'LOC_DB_ABILITY_NAVAL_RAIDER_MOVE_AFTER_ATTACK_NAME',		'LOC_DB_ABILITY_NAVAL_RAIDER_MOVE_AFTER_ATTACK_DESCRIPTION'),
('DB_ABILITY_ATTACK_SUB_MOVE_AFTER_ATTACK',			'LOC_DB_ABILITY_ATTACK_SUB_MOVE_AFTER_ATTACK_NAME',			'LOC_DB_ABILITY_ATTACK_SUB_MOVE_AFTER_ATTACK_DESCRIPTION') ;

INSERT INTO UnitAbilityModifiers
(UnitAbilityType,					ModifierId)
VALUES	
('DB_ABILITY_NAVAL_MELEE_NO_GALLEY_ATTACKING_SEA',	'DB_MODIFIER_NAVAL_MELEE_NO_GALLEY_ATTACKING_SEA'),
('DB_ABILITY_ATTACK_SUB_ATTACKING_SEA',				'DB_MODIFIER_ATTACK_SUB_ATTACKING_SEA'),
('DB_ABILITY_NAVAL_RANGED_ATTACKING_LAND',			'DB_MODIFIER_NAVAL_RANGED_ATTACKING_LAND'),
('DB_ABILITY_NAVAL_RANGED_ATTACKING_SEA',			'DB_MODIFIER_NAVAL_RANGED_ATTACKING_SEA'),
('DB_ABILITY_NAVAL_BOMBARD_ATTACKING_SEA',			'DB_MODIFIER_NAVAL_BOMBARD_ATTACKING_SEA'),
('DB_ABILITY_NAVAL_RAIDER_ATTACKING_SEA',			'DB_MODIFIER_NAVAL_RAIDER_ATTACKING_SEA'),
('DB_ABILITY_NAVAL_RAIDER_ATTACKING_NAVAL_MELEE',	'DB_MODIFIER_NAVAL_RAIDER_ATTACKING_NAVAL_MELEE'),
('DB_ABILITY_NAVAL_RAIDER_MOVE_AFTER_ATTACK',		'DB_MODIFIER_NAVAL_RAIDER_MOVE_AFTER_ATTACK'),
('DB_ABILITY_ATTACK_SUB_MOVE_AFTER_ATTACK',			'DB_MODIFIER_ATTACK_SUB_MOVE_AFTER_ATTACK') ;

INSERT INTO Modifiers
(ModifierId,						ModifierType,					SubjectRequirementSetId)
VALUES	
('DB_MODIFIER_NAVAL_MELEE_NO_GALLEY_ATTACKING_SEA',	'MODIFIER_UNIT_ADJUST_COMBAT_STRENGTH',			'DB_REQSET_ATTACKING_SEA'),
('DB_MODIFIER_ATTACK_SUB_ATTACKING_SEA',			'MODIFIER_UNIT_ADJUST_COMBAT_STRENGTH',			'DB_REQSET_ATTACKING_SEA'),
('DB_MODIFIER_NAVAL_RANGED_ATTACKING_LAND',			'MODIFIER_UNIT_ADJUST_COMBAT_STRENGTH',			'DB_REQSET_ATTACKING_LAND'),
('DB_MODIFIER_NAVAL_RANGED_ATTACKING_SEA',			'MODIFIER_UNIT_ADJUST_COMBAT_STRENGTH',			'DB_REQSET_ATTACKING_SEA'),
('DB_MODIFIER_NAVAL_BOMBARD_ATTACKING_SEA',			'MODIFIER_UNIT_ADJUST_COMBAT_STRENGTH',			'DB_REQSET_ATTACKING_SEA'),
('DB_MODIFIER_NAVAL_RAIDER_ATTACKING_SEA',			'MODIFIER_UNIT_ADJUST_COMBAT_STRENGTH',			'DB_REQSET_ATTACKING_SEA'),
('DB_MODIFIER_NAVAL_RAIDER_ATTACKING_NAVAL_MELEE',	'MODIFIER_UNIT_ADJUST_COMBAT_STRENGTH',			'DB_REQSET_ATTACKING_NAVAL_MELEE'),
('DB_MODIFIER_NAVAL_RAIDER_MOVE_AFTER_ATTACK',		'MODIFIER_PLAYER_UNIT_ADJUST_ATTACK_AND_MOVE',	null),
('DB_MODIFIER_ATTACK_SUB_MOVE_AFTER_ATTACK',		'MODIFIER_PLAYER_UNIT_ADJUST_ATTACK_AND_MOVE',	null) ;

INSERT INTO ModifierArguments
(ModifierId,						Name,		Value)
VALUES
('DB_MODIFIER_NAVAL_MELEE_NO_GALLEY_ATTACKING_SEA',	'Amount',	8),
('DB_MODIFIER_ATTACK_SUB_ATTACKING_SEA',			'Amount',	49),
('DB_MODIFIER_NAVAL_RANGED_ATTACKING_LAND',			'Amount',	5),
('DB_MODIFIER_NAVAL_RANGED_ATTACKING_SEA',			'Amount',	-5),
('DB_MODIFIER_NAVAL_BOMBARD_ATTACKING_SEA',			'Amount',	-17),
('DB_MODIFIER_NAVAL_RAIDER_ATTACKING_SEA',			'Amount',	17),
('DB_MODIFIER_NAVAL_RAIDER_ATTACKING_NAVAL_MELEE',	'Amount',	3),
('DB_MODIFIER_NAVAL_RAIDER_MOVE_AFTER_ATTACK',		'CanMove',	1),
('DB_MODIFIER_ATTACK_SUB_MOVE_AFTER_ATTACK',		'CanMove',	1) ;

INSERT INTO ModifierStrings
(ModifierId,						Context,	Text)
VALUES	
('DB_MODIFIER_NAVAL_MELEE_NO_GALLEY_ATTACKING_SEA',	'Preview',	'LOC_DB_MODIFIER_NAVAL_MELEE_NO_GALLEY_ATTACKING_SEA_PREVIEW'),
('DB_MODIFIER_ATTACK_SUB_ATTACKING_SEA',			'Preview',	'LOC_DB_MODIFIER_ATTACK_SUB_ATTACKING_SEA_PREVIEW'),
('DB_MODIFIER_NAVAL_RANGED_ATTACKING_LAND',			'Preview',	'LOC_DB_MODIFIER_NAVAL_RANGED_ATTACKING_LAND_PREVIEW'),
('DB_MODIFIER_NAVAL_RANGED_ATTACKING_SEA',			'Preview',	'LOC_DB_MODIFIER_NAVAL_RANGED_ATTACKING_SEA_PREVIEW'),
('DB_MODIFIER_NAVAL_BOMBARD_ATTACKING_SEA',			'Preview',	'LOC_DB_MODIFIER_NAVAL_BOMBARD_ATTACKING_SEA_PREVIEW'),
('DB_MODIFIER_NAVAL_RAIDER_ATTACKING_SEA',			'Preview',	'LOC_DB_MODIFIER_NAVAL_RAIDER_ATTACKING_SEA_PREVIEW'),
('DB_MODIFIER_NAVAL_RAIDER_ATTACKING_NAVAL_MELEE',	'Preview',	'LOC_DB_MODIFIER_NAVAL_RAIDER_ATTACKING_NAVAL_MELEE_PREVIEW') ;

UPDATE Units SET BaseMoves = 3, Combat = 25, RangedCombat = 0,	Bombard = 0,	Range = 0, AntiAirCombat = 0,	Cost = 65,	Maintenance = 1, StrategicResource = null				WHERE UnitType = 'UNIT_GALLEY' ;
UPDATE Units SET BaseMoves = 3, Combat = 25, RangedCombat = 30, Bombard = 0,	Range = 1, AntiAirCombat = 0,	Cost = 120, Maintenance = 2, StrategicResource = null				WHERE UnitType = 'UNIT_QUADRIREME' ;
UPDATE Units SET BaseMoves = 3, Combat = 25, RangedCombat = 0,	Bombard = 39,	Range = 1, AntiAirCombat = 0,	Cost = 120, Maintenance = 2, StrategicResource = null				WHERE UnitType = 'UNIT_GREEK_FIRE_SHIP' ;

UPDATE Units SET BaseMoves = 3, Combat = 48, RangedCombat = 0,	Bombard = 0,	Range = 0, AntiAirCombat = 0,	Cost = 200, Maintenance = 3, StrategicResource = null				WHERE UnitType = 'UNIT_COG' ;
UPDATE Units SET BaseMoves = 3, Combat = 40, RangedCombat = 46, Bombard = 0,	Range = 2, AntiAirCombat = 0,	Cost = 200, Maintenance = 3, StrategicResource = 'RESOURCE_NITER'	WHERE UnitType = 'UNIT_GALLEASS' ;
UPDATE Units SET BaseMoves = 3, Combat = 40, RangedCombat = 0,	Bombard = 54,	Range = 2, AntiAirCombat = 0,	Cost = 200, Maintenance = 3, StrategicResource = 'RESOURCE_NITER'	WHERE UnitType = 'UNIT_GALLEON' ;

UPDATE Units SET BaseMoves = 4, Combat = 50, RangedCombat = 0,	Bombard = 0,	Range = 0, AntiAirCombat = 0,	Cost = 250, Maintenance = 4, StrategicResource = null				WHERE UnitType = 'UNIT_CARAVEL' ;
UPDATE Units SET BaseMoves = 5, Combat = 61, RangedCombat = 0,	Bombard = 0,	Range = 0, AntiAirCombat = 0,	Cost = 300, Maintenance = 4, StrategicResource = null				WHERE UnitType = 'UNIT_CORVETTE' ;
UPDATE Units SET BaseMoves = 4, Combat = 45, RangedCombat = 54, Bombard = 0,	Range = 1, AntiAirCombat = 0,	Cost = 300, Maintenance = 4, StrategicResource = 'RESOURCE_NITER'	WHERE UnitType = 'UNIT_PRIVATEER' ;
UPDATE Units SET BaseMoves = 4, Combat = 50, RangedCombat = 64, Bombard = 0,	Range = 2, AntiAirCombat = 0,	Cost = 300, Maintenance = 4, StrategicResource = 'RESOURCE_NITER'	WHERE UnitType = 'UNIT_FRIGATE' ;
UPDATE Units SET BaseMoves = 3, Combat = 50, RangedCombat = 0,	Bombard = 71,	Range = 2, AntiAirCombat = 0,	Cost = 300, Maintenance = 4, StrategicResource = 'RESOURCE_NITER'	WHERE UnitType = 'UNIT_SHIP_OF_THE_LINE' ;

UPDATE Units SET BaseMoves = 5, Combat = 66, RangedCombat = 0,	Bombard = 0,	Range = 0, AntiAirCombat = 0,	Cost = 380, Maintenance = 5, StrategicResource = 'RESOURCE_IRON'	WHERE UnitType = 'UNIT_IRONCLAD' ;
UPDATE Units SET BaseMoves = 4, Combat = 55, RangedCombat = 54, Bombard = 0,	Range = 1, AntiAirCombat = 0,	Cost = 380, Maintenance = 5, StrategicResource = 'RESOURCE_IRON'	WHERE UnitType = 'UNIT_RAIDER' ;
UPDATE Units SET BaseMoves = 4, Combat = 60, RangedCombat = 64, Bombard = 0,	Range = 2, AntiAirCombat = 0,	Cost = 380, Maintenance = 5, StrategicResource = 'RESOURCE_IRON'	WHERE UnitType = 'UNIT_ARMORED_CRUISER' ;
UPDATE Units SET BaseMoves = 3, Combat = 60, RangedCombat = 0,	Bombard = 78,	Range = 2, AntiAirCombat = 0,	Cost = 380, Maintenance = 5, StrategicResource = 'RESOURCE_IRON'	WHERE UnitType = 'UNIT_PRE_DREADNOUGHT' ;

UPDATE Units SET BaseMoves = 6, Combat = 74, RangedCombat = 0,	Bombard = 0,	Range = 0, AntiAirCombat = 0,	Cost = 460, Maintenance = 6, StrategicResource = 'RESOURCE_IRON'	WHERE UnitType = 'UNIT_TORPEDO_GUNBOAT' ;
UPDATE Units SET BaseMoves = 5, Combat = 70, RangedCombat = 65, Bombard = 0,	Range = 2, AntiAirCombat = 0,	Cost = 460, Maintenance = 6, StrategicResource = 'RESOURCE_IRON'	WHERE UnitType = 'UNIT_LIGHT_CRUISER' ;
UPDATE Units SET BaseMoves = 4, Combat = 65, RangedCombat = 54, Bombard = 0,	Range = 1, AntiAirCombat = 0,	Cost = 460, Maintenance = 6, StrategicResource = 'RESOURCE_IRON'	WHERE UnitType = 'UNIT_SUBMARINE' ;
UPDATE Units SET BaseMoves = 3, Combat = 70, RangedCombat = 0,	Bombard = 78,	Range = 3, AntiAirCombat = 0,	Cost = 460, Maintenance = 6, StrategicResource = 'RESOURCE_IRON'	WHERE UnitType = 'UNIT_DREADNOUGHT' ;

UPDATE Units SET BaseMoves = 6, Combat = 83, RangedCombat = 0,	Bombard = 0,	Range = 0, AntiAirCombat = 75,	Cost = 580, Maintenance = 7, StrategicResource = 'RESOURCE_IRON'	WHERE UnitType = 'UNIT_DESTROYER' ;
UPDATE Units SET BaseMoves = 5, Combat = 75, RangedCombat = 82, Bombard = 0,	Range = 2, AntiAirCombat = 100,	Cost = 580, Maintenance = 7, StrategicResource = 'RESOURCE_IRON'	WHERE UnitType = 'UNIT_BATTLECRUISER' ;
UPDATE Units SET BaseMoves = 3, Combat = 75, RangedCombat = 0,	Bombard = 87,	Range = 3, AntiAirCombat = 75,	Cost = 580, Maintenance = 7, StrategicResource = 'RESOURCE_IRON'	WHERE UnitType = 'UNIT_BATTLESHIP' ;

UPDATE Units SET BaseMoves = 5, Combat = 61, RangedCombat = 0,	Bombard = 0,	Range = 0, AntiAirCombat = 0,	Cost = 690, Maintenance = 8, StrategicResource = 'RESOURCE_IRON'	WHERE UnitType = 'UNIT_ATTACK_SUBMARINE' ;
UPDATE Units SET BaseMoves = 6, Combat = 99, RangedCombat = 0,	Bombard = 0,	Range = 0, AntiAirCombat = 100,	Cost = 690, Maintenance = 8, StrategicResource = 'RESOURCE_IRON'	WHERE UnitType = 'UNIT_MISSILE_DESTROYER' ;
UPDATE Units SET BaseMoves = 5, Combat = 90, RangedCombat = 95, Bombard = 0,	Range = 3, AntiAirCombat = 115,	Cost = 690, Maintenance = 8, StrategicResource = 'RESOURCE_IRON'	WHERE UnitType = 'UNIT_MISSILE_CRUISER' ;
UPDATE Units SET BaseMoves = 4, Combat = 90, RangedCombat = 73, Bombard = 0,	Range = 1, AntiAirCombat = 0,	Cost = 690, Maintenance = 8, StrategicResource = 'RESOURCE_IRON'	WHERE UnitType = 'UNIT_NUCLEAR_SUBMARINE' ;
UPDATE Units SET BaseMoves = 3, Combat = 90, RangedCombat = 0,	Bombard = 100,	Range = 4, AntiAirCombat = 100,	Cost = 690, Maintenance = 8, StrategicResource = 'RESOURCE_IRON'	WHERE UnitType = 'UNIT_RAILGUN_WARSHIP' ;


DELETE FROM Units_XP2 WHERE UnitType = 'UNIT_GALLEY' OR UnitType = 'UNIT_QUADRIREME' OR UnitType = 'UNIT_GREEK_FIRE_SHIP' OR UnitType = 'UNIT_COG' ;

UPDATE Units_XP2 SET ResourceCost = 10, ResourceMaintenanceAmount = 0, ResourceMaintenanceType = null				WHERE UnitType = 'UNIT_GALLEASS' ;
UPDATE Units_XP2 SET ResourceCost = 10, ResourceMaintenanceAmount = 0, ResourceMaintenanceType = null				WHERE UnitType = 'UNIT_GALLEON' ;

DELETE FROM Units_XP2 WHERE UnitType = 'UNIT_CARAVEL' OR UnitType = 'UNIT_CORVETTE' ;
UPDATE Units_XP2 SET ResourceCost = 20, ResourceMaintenanceAmount = 0, ResourceMaintenanceType = null				WHERE UnitType = 'UNIT_PRIVATEER' ;
UPDATE Units_XP2 SET ResourceCost = 20, ResourceMaintenanceAmount = 0, ResourceMaintenanceType = null				WHERE UnitType = 'UNIT_FRIGATE' ;
UPDATE Units_XP2 SET ResourceCost = 20, ResourceMaintenanceAmount = 0, ResourceMaintenanceType = null				WHERE UnitType = 'UNIT_SHIP_OF_THE_LINE' ;

UPDATE Units_XP2 SET ResourceCost = 40, ResourceMaintenanceAmount = 0, ResourceMaintenanceType = null				WHERE UnitType = 'UNIT_IRONCLAD' ;
UPDATE Units_XP2 SET ResourceCost = 40, ResourceMaintenanceAmount = 1, ResourceMaintenanceType = 'RESOURCE_COAL'	WHERE UnitType = 'UNIT_RAIDER' ;
UPDATE Units_XP2 SET ResourceCost = 40, ResourceMaintenanceAmount = 1, ResourceMaintenanceType = 'RESOURCE_COAL'	WHERE UnitType = 'UNIT_ARMORED_CRUISER' ;
UPDATE Units_XP2 SET ResourceCost = 40, ResourceMaintenanceAmount = 1, ResourceMaintenanceType = 'RESOURCE_COAL'	WHERE UnitType = 'UNIT_PRE_DREADNOUGHT' ;

UPDATE Units_XP2 SET ResourceCost = 40, ResourceMaintenanceAmount = 0, ResourceMaintenanceType = null				WHERE UnitType = 'UNIT_TORPEDO_GUNBOAT' ;
UPDATE Units_XP2 SET ResourceCost = 40, ResourceMaintenanceAmount = 1, ResourceMaintenanceType = 'RESOURCE_COAL'	WHERE UnitType = 'UNIT_LIGHT_CRUISER' ;
UPDATE Units_XP2 SET ResourceCost = 40, ResourceMaintenanceAmount = 1, ResourceMaintenanceType = 'RESOURCE_OIL'		WHERE UnitType = 'UNIT_SUBMARINE' ;
UPDATE Units_XP2 SET ResourceCost = 40, ResourceMaintenanceAmount = 1, ResourceMaintenanceType = 'RESOURCE_COAL'	WHERE UnitType = 'UNIT_DREADNOUGHT' ;

UPDATE Units_XP2 SET ResourceCost = 40, ResourceMaintenanceAmount = 1, ResourceMaintenanceType = 'RESOURCE_OIL'		WHERE UnitType = 'UNIT_DESTROYER' ;
UPDATE Units_XP2 SET ResourceCost = 40, ResourceMaintenanceAmount = 1, ResourceMaintenanceType = 'RESOURCE_OIL'		WHERE UnitType = 'UNIT_BATTLECRUISER' ;
UPDATE Units_XP2 SET ResourceCost = 40, ResourceMaintenanceAmount = 1, ResourceMaintenanceType = 'RESOURCE_OIL'		WHERE UnitType = 'UNIT_BATTLESHIP' ;

UPDATE Units_XP2 SET ResourceCost = 40, ResourceMaintenanceAmount = 1, ResourceMaintenanceType = 'RESOURCE_OIL'		WHERE UnitType = 'UNIT_ATTACK_SUBMARINE' ;
UPDATE Units_XP2 SET ResourceCost = 40, ResourceMaintenanceAmount = 1, ResourceMaintenanceType = 'RESOURCE_OIL'		WHERE UnitType = 'UNIT_MISSILE_DESTROYER' ;
UPDATE Units_XP2 SET ResourceCost = 40, ResourceMaintenanceAmount = 1, ResourceMaintenanceType = 'RESOURCE_OIL'		WHERE UnitType = 'UNIT_MISSILE_CRUISER' ;
UPDATE Units_XP2 SET ResourceCost = 40, ResourceMaintenanceAmount = 1, ResourceMaintenanceType = 'RESOURCE_OIL'		WHERE UnitType = 'UNIT_NUCLEAR_SUBMARINE' ;
UPDATE Units_XP2 SET ResourceCost = 40, ResourceMaintenanceAmount = 1, ResourceMaintenanceType = 'RESOURCE_OIL'		WHERE UnitType = 'UNIT_RAILGUN_WARSHIP' ;



