-----------------------------------------------
-----------------------------------------------
-- Promotion Classes
-----------------------------------------------
-----------------------------------------------
INSERT INTO Types (Type, Kind) 
SELECT 'BW_PROMOTION_CLASS_' || ClassName, 'KIND_PROMOTION_CLASS' FROM BW_NewUnitClasses WHERE ClassName != 'RECON' ;

INSERT INTO UnitPromotionClasses (PromotionClassType, Name) 
SELECT 'BW_PROMOTION_CLASS_' || ClassName, 'BW_LOC_PROMOTION_CLASS_' || ClassName || '_NAME' FROM BW_NewUnitClasses WHERE ClassName != 'RECON' ;


-----------------------------------------------
-----------------------------------------------
-- Promotions
-----------------------------------------------
-----------------------------------------------


-- Heavy Infantry

INSERT INTO Types 
(Type,											Kind)
VALUES
('BW_PROMOTION_HEAVY_INFANTRY_IMPEL',			'KIND_PROMOTION'),
('BW_PROMOTION_HEAVY_INFANTRY_PHALANX',			'KIND_PROMOTION'),
('BW_PROMOTION_HEAVY_INFANTRY_DOUBLE_TIME',		'KIND_PROMOTION'),
('BW_PROMOTION_HEAVY_INFANTRY_ZONE_OF_CONTROL',	'KIND_PROMOTION'),
('BW_PROMOTION_HEAVY_INFANTRY_SARISSA',			'KIND_PROMOTION'),
('BW_PROMOTION_HEAVY_INFANTRY_TESTUDO',			'KIND_PROMOTION'),
('BW_PROMOTION_HEAVY_INFANTRY_DOUBLE_STRIKE',	'KIND_PROMOTION') ;

INSERT INTO UnitPromotions
(UnitPromotionType,								Level,	Column,	PromotionClass,							Name,											Description) 
VALUES
('BW_PROMOTION_HEAVY_INFANTRY_DOUBLE_TIME',		1,		1,		'BW_PROMOTION_CLASS_HEAVY_INFANTRY',	'BW_LOC_PROMOTION_DOUBLE_TIME_NAME',			'BW_LOC_PROMOTION_DOUBLE_TIME_DESCRIPTION'),
('BW_PROMOTION_HEAVY_INFANTRY_DOUBLE_STRIKE',	1,		3,		'BW_PROMOTION_CLASS_HEAVY_INFANTRY',	'BW_LOC_PROMOTION_DOUBLE_STRIKE_NAME',			'BW_LOC_PROMOTION_DOUBLE_STRIKE_DESCRIPTION'),
('BW_PROMOTION_HEAVY_INFANTRY_IMPEL',			2,		1,		'BW_PROMOTION_CLASS_HEAVY_INFANTRY',	'BW_LOC_PROMOTION_HEAVY_INFANTRY_IMPEL_NAME',	'BW_LOC_PROMOTION_HEAVY_INFANTRY_BULLDOZE_DESCRIPTION'),
('BW_PROMOTION_HEAVY_INFANTRY_PHALANX',			2,		3,		'BW_PROMOTION_CLASS_HEAVY_INFANTRY',	'BW_LOC_PROMOTION_HEAVY_INFANTRY_PHALANX_NAME',	'BW_LOC_PROMOTION_HEAVY_INFANTRY_PHALANX_DESCRIPTION'),
('BW_PROMOTION_HEAVY_INFANTRY_ZONE_OF_CONTROL',	3,		1,		'BW_PROMOTION_CLASS_HEAVY_INFANTRY',	'BW_LOC_PROMOTION_ZONE_OF_CONTROL_NAME',		'BW_LOC_PROMOTION_ZONE_OF_CONTROL_DESCRIPTION'),
('BW_PROMOTION_HEAVY_INFANTRY_SARISSA',			3,		3,		'BW_PROMOTION_CLASS_HEAVY_INFANTRY',	'BW_LOC_PROMOTION_HEAVY_INFANTRY_SARISSA_NAME',	'BW_LOC_PROMOTION_HEAVY_INFANTRY_SARISSA_DESCRIPTION'),
('BW_PROMOTION_HEAVY_INFANTRY_TESTUDO',			4,		2,		'BW_PROMOTION_CLASS_HEAVY_INFANTRY',	'BW_LOC_PROMOTION_HEAVY_INFANTRY_TESTUDO_NAME',	'BW_LOC_PROMOTION_HEAVY_INFANTRY_TESTUDO_DESCRIPTION') ;

INSERT INTO UnitPromotionModifiers
(UnitPromotionType,								ModifierId)
VALUES
('BW_PROMOTION_HEAVY_INFANTRY_IMPEL',			'BW_MOD_PUSHBACK_LAND_RANGED'),
('BW_PROMOTION_HEAVY_INFANTRY_IMPEL',			'BW_MOD_PUSHBACK_LIGHT_CAVALRY'),
('BW_PROMOTION_HEAVY_INFANTRY_IMPEL',			'BW_MOD_PUSHBACK_LIGHT_INFANTRY'),
('BW_PROMOTION_HEAVY_INFANTRY_IMPEL',			'BW_MOD_PUSHBACK_MONK'),
('BW_PROMOTION_HEAVY_INFANTRY_IMPEL',			'BW_MOD_PUSHBACK_RECON'),
('BW_PROMOTION_HEAVY_INFANTRY_IMPEL',			'BW_MOD_PUSHBACK_SIEGE'),
('BW_PROMOTION_HEAVY_INFANTRY_IMPEL',			'BW_MOD_PUSHBACK_SUPPORT'),
('BW_PROMOTION_HEAVY_INFANTRY_PHALANX',			'BW_MOD_HEAVY_INFANTRY_PHALANX'),
('BW_PROMOTION_HEAVY_INFANTRY_DOUBLE_TIME',		'BW_MOD_+1_MOVEMENT'),
('BW_PROMOTION_HEAVY_INFANTRY_ZONE_OF_CONTROL',	'BW_MOD_EXERT_ZOC'),
('BW_PROMOTION_HEAVY_INFANTRY_SARISSA',			'BW_MOD_HEAVY_INFANTRY_SARISSA_VS_HEAVY_INF'),
('BW_PROMOTION_HEAVY_INFANTRY_SARISSA',			'BW_MOD_HEAVY_INFANTRY_SARISSA_VS_HEAVY_CAV'),
('BW_PROMOTION_HEAVY_INFANTRY_TESTUDO',			'BW_MOD_HEAVY_INFANTRY_TESTUDO'),
('BW_PROMOTION_HEAVY_INFANTRY_DOUBLE_STRIKE',	'BW_MOD_EXTRA_ATTACK') ;





-- Recon
INSERT INTO Types 
(Type,								Kind)
VALUES
('BW_PROMOTION_RECON_DOUBLE_TIME',	'KIND_PROMOTION'),
('BW_PROMOTION_RECON_SPYGLASS',		'KIND_PROMOTION'),
('BW_PROMOTION_RECON_PATHFINDER',	'KIND_PROMOTION'),
('BW_PROMOTION_RECON_DISGUISE',		'KIND_PROMOTION'),
('BW_PROMOTION_RECON_ELUSIVE',		'KIND_PROMOTION'),
('BW_PROMOTION_RECON_TROOP_INTEL',	'KIND_PROMOTION'),
('BW_PROMOTION_RECON_STEALTH',		'KIND_PROMOTION') 
;

DELETE FROM UnitPromotions WHERE PromotionClass = 'PROMOTION_CLASS_RECON' ;
INSERT INTO UnitPromotions
(UnitPromotionType,					Level,	Column,	PromotionClass,				Name,										Description) 
VALUES
('BW_PROMOTION_RECON_DOUBLE_TIME',	1,		1,		'PROMOTION_CLASS_RECON',	'BW_LOC_PROMOTION_DOUBLE_TIME_NAME',		'BW_LOC_PROMOTION_DOUBLE_TIME_DESCRIPTION'),
('BW_PROMOTION_RECON_SPYGLASS',		1,		3,		'PROMOTION_CLASS_RECON',	'BW_LOC_PROMOTION_SPYGLASS_NAME',			'BW_LOC_PROMOTION_SPYGLASS_DESCRIPTION'),
('BW_PROMOTION_RECON_PATHFINDER',	2,		1,		'PROMOTION_CLASS_RECON',	'BW_LOC_PROMOTION_RECON_PATHFINDER_NAME',	'BW_LOC_PROMOTION_RECON_PATHFINDER_DESCRIPTION'),
('BW_PROMOTION_RECON_DISGUISE',		2,		3,		'PROMOTION_CLASS_RECON',	'BW_LOC_PROMOTION_RECON_DISGUISE_NAME',		'BW_LOC_PROMOTION_RECON_DISGUISE_DESCRIPTION'),
('BW_PROMOTION_RECON_ELUSIVE',		3,		1,		'PROMOTION_CLASS_RECON',	'BW_LOC_PROMOTION_ELUSIVE_NAME',			'BW_LOC_PROMOTION_ELUSIVE_DESCRIPTION'),
('BW_PROMOTION_RECON_TROOP_INTEL',	3,		3,		'PROMOTION_CLASS_RECON',	'BW_LOC_PROMOTION_RECON_TROOP_INTEL_NAME',	'BW_LOC_PROMOTION_RECON_TROOP_INTEL_DESCRIPTION'),
('BW_PROMOTION_RECON_STEALTH',		4,		2,		'PROMOTION_CLASS_RECON',	'BW_LOC_PROMOTION_STEALTH_NAME',			'BW_LOC_PROMOTION_STEALTH_DESCRIPTION')
;

INSERT INTO UnitPromotionModifiers
(UnitPromotionType,					ModifierId)
VALUES
('BW_PROMOTION_RECON_DOUBLE_TIME',	'BW_MOD_+1_MOVEMENT'),
('BW_PROMOTION_RECON_SPYGLASS',		'BW_MOD_+1_SIGHT'),
('BW_PROMOTION_RECON_PATHFINDER',	'BW_MOD_MOVEMENT_IGNORE_TERRAIN'),
('BW_PROMOTION_RECON_PATHFINDER',	'BW_MOD_MOVEMENT_IGNORE_RIVER'),
('BW_PROMOTION_RECON_DISGUISE',		'BW_MOD_ENTER_FOREIGN'),
('BW_PROMOTION_RECON_ELUSIVE',		'BW_MOD_IGNORE_ZOC'),
('BW_PROMOTION_RECON_TROOP_INTEL',	'BW_MOD_RECON_TROOP_INTEL'),
('BW_PROMOTION_RECON_STEALTH',		'BW_MOD_STEALTH')
;





/*
SELECT 'BW_PROMOTION_' || ClassName || REPLACE(UnitPromotionType, 'PROMOTION', ''), 'KIND_PROMOTION' FROM BW_NewUnitClasses JOIN UnitPromotions ON UnitPromotions.PromotionClass LIKE '%' || BW_NewUnitClasses.ClassName || '%' ;

INSERT INTO UnitPromotions (	
UnitPromotionType,	Name,	Description,	Level,	PromotionClass,		Column)
SELECT							
'BW_PROMOTION_' || ClassName || REPLACE(UnitPromotionType, 'PROMOTION', ''), 
					'BW_LOC_PROMOTION_' || ClassName || REPLACE(UnitPromotionType, 'PROMOTION', '') || '_NAME', 
							'BW_LOC_PROMOTION_' || ClassName || REPLACE(UnitPromotionType, 'PROMOTION', '') || '_DESCRIPTION', 
											Level,
													'BW_PROMOTION_CLASS_' || ClassName,
																		Column 
FROM BW_NewUnitClasses JOIN UnitPromotions ON UnitPromotions.PromotionClass LIKE '%' || BW_NewUnitClasses.ClassName || '%' ;



INSERT INTO Types (Type, Kind)
SELECT REPLACE(UnitPromotionType, 'PROMOTION_', 'BW_PROMOTION_HEAVY_INFANTRY_'), 'KIND_PROMOTION' FROM UnitPromotions WHERE PromotionClass = 'PROMOTION_CLASS_MELEE' ;

INSERT INTO UnitPromotions (UnitPromotionType, Name, Description, Level, Specialization, PromotionClass, Column) 
SELECT REPLACE(UnitPromotionType, 'PROMOTION_', 'BW_PROMOTION_HEAVY_INFANTRY_'), REPLACE(Name, 'PROMOTION_', 'BW_PROMOTION_HEAVY_INFANTRY_'), REPLACE(Description, 'PROMOTION_', 'BW_PROMOTION_HEAVY_INFANTRY_'), Level, Specialization, 'BW_PROMOTION_CLASS_HEAVY_INFANTRY', Column FROM UnitPromotions WHERE PromotionClass = 'PROMOTION_CLASS_MELEE' ;


INSERT INTO Types (Type, Kind)
SELECT REPLACE(UnitPromotionType, 'PROMOTION_RANGED_', 'PROMOTION_ANTIAIR_'), 'KIND_PROMOTION' FROM UnitPromotions WHERE PromotionClass = 'BW_PROMOTION_CLASS_RANGED' ;

INSERT INTO UnitPromotions (UnitPromotionType, Name, Description, Level, Specialization, PromotionClass, Column) 
SELECT REPLACE(UnitPromotionType, 'PROMOTION_RANGED_', 'PROMOTION_ANTIAIR_'), REPLACE(Name, 'PROMOTION_RANGED_', 'PROMOTION_ANTIAIR_'), REPLACE(Description, 'PROMOTION_RANGED_', 'PROMOTION_ANTIAIR_'), Level, Specialization, 'BW_PROMOTION_CLASS_ANTIAIR', Column FROM UnitPromotions WHERE PromotionClass = 'BW_PROMOTION_CLASS_RANGED' ;



INSERT INTO Types (Type, Kind)
SELECT REPLACE(UnitPromotionType, 'PROMOTION_HEAVY_INFANTRY_', 'PROMOTION_DEFENSIVE_GUN_'), 'KIND_PROMOTION' FROM UnitPromotions WHERE PromotionClass = 'BW_PROMOTION_CLASS_HEAVY_INFANTRY' ;

INSERT INTO UnitPromotions (UnitPromotionType, Name, Description, Level, Specialization, PromotionClass, Column) 
SELECT REPLACE(UnitPromotionType, 'PROMOTION_HEAVY_INFANTRY_', 'PROMOTION_DEFENSIVE_GUN_'), REPLACE(Name, 'PROMOTION_HEAVY_INFANTRY_', 'PROMOTION_DEFENSIVE_GUN_'), REPLACE(Description, 'PROMOTION_HEAVY_INFANTRY_', 'PROMOTION_DEFENSIVE_GUN_'), Level, Specialization, 'BW_PROMOTION_CLASS_DEFENSIVE_GUN', Column FROM UnitPromotions WHERE PromotionClass = 'BW_PROMOTION_CLASS_HEAVY_INFANTRY' ;



INSERT INTO Types (Type, Kind)
SELECT REPLACE(UnitPromotionType, 'PROMOTION_HEAVY_CAVALRY_', 'PROMOTION_ELEPHANT_'), 'KIND_PROMOTION' FROM UnitPromotions WHERE PromotionClass = 'BW_PROMOTION_CLASS_HEAVY_CAVALRY' ;

INSERT INTO UnitPromotions (UnitPromotionType, Name, Description, Level, Specialization, PromotionClass, Column) 
SELECT REPLACE(UnitPromotionType, 'PROMOTION_HEAVY_CAVALRY_', 'PROMOTION_ELEPHANT_'), REPLACE(Name, 'PROMOTION_HEAVY_CAVALRY_', 'PROMOTION_ELEPHANT_'), REPLACE(Description, 'PROMOTION_HEAVY_CAVALRY_', 'PROMOTION_ELEPHANT_'), Level, Specialization, 'BW_PROMOTION_CLASS_ELEPHANT', Column FROM UnitPromotions WHERE PromotionClass = 'BW_PROMOTION_CLASS_HEAVY_CAVALRY' ;



INSERT INTO Types (Type, Kind)
SELECT REPLACE(UnitPromotionType, 'PROMOTION_RANGED_', 'PROMOTION_LIGHT_INFANTRY_'), 'KIND_PROMOTION' FROM UnitPromotions WHERE PromotionClass = 'BW_PROMOTION_CLASS_RANGED' ;

INSERT INTO UnitPromotions (UnitPromotionType, Name, Description, Level, Specialization, PromotionClass, Column) 
SELECT REPLACE(UnitPromotionType, 'PROMOTION_RANGED_', 'PROMOTION_LIGHT_INFANTRY_'), REPLACE(Name, 'PROMOTION_RANGED_', 'PROMOTION_LIGHT_INFANTRY_'), REPLACE(Description, 'PROMOTION_RANGED_', 'PROMOTION_LIGHT_INFANTRY_'), Level, Specialization, 'BW_PROMOTION_CLASS_LIGHT_INFANTRY', Column FROM UnitPromotions WHERE PromotionClass = 'BW_PROMOTION_CLASS_RANGED' ;
*/
